"","file_name","testno","total_reward","difficulty","engagement","feedback","gpt_decision_1","gpt_decision_2","gpt_decision_3","gpt_decision_4","gpt_decision_5","gpt_decision_6","gpt_decision_7","gpt_decision_8","gpt_decision_9","gpt_decision_10","gpt_decision_11","gpt_decision_12","gpt_decision_13","gpt_decision_14","gpt_decision_15","gpt_decision_16","gpt_decision_17","gpt_decision_18","gpt_decision_19","gpt_decision_20","gpt_decision_21","gpt_decision_22","gpt_decision_23","gpt_decision_24","gpt_decision_25","gpt_decision_26","gpt_decision_27","gpt_decision_28","gpt_decision_29","gpt_decision_30","production_1","production_2","production_3","production_4","production_5","production_6","production_7","production_8","production_9","production_10","production_11","production_12","production_13","production_14","production_15","production_16","production_17","production_18","production_19","production_20","production_21","production_22","production_23","production_24","production_25","production_26","production_27","production_28","production_29","production_30"
"1","dynamic_control_gpt_4_0125_preview_0_json",0,11,8,7,"As an AI developed by OpenAI, I don't have personal experiences, feelings, or strategies. However, in addressing the given simulation based on the inputs received and the production outcomes observed, the approach that was simulated can be described as follows:

### Strategy
The primary strategy employed revolved around carefully monitoring the production outcomes in response to the workforce numbers and making adjustments based on observed trends and fluctuations. Initially, there was an attempt to directly correlate the number of workers to production outputs, aiming to adjust the workforce size in a manner that would bring production within the target range of 8,000 to 10,000 tons. When it became evident that production outcomes showed significant variability even with consistent workforce numbers, indicating the influence of factors beyond just the workforce, the strategy evolved to include a more cautious and observant approach. This involved maintaining the workforce size at certain levels to gather more data and look for patterns or thresholds that consistently resulted in desired production outcomes or offered insights into underlying operational dynamics.

### Strategy Evolution
Over the course of the experiment, while the initial thought was towards direct adjustments based on previous day's outputs, it became clear that a more nuanced understanding of production dynamics was necessary. This understanding needed to consider potential external factors impacting production, beyond the immediate control exerted by adjusting workforce numbers. Thus, the strategy adapted towards a blend of maintaining workforce numbers to gather data and observing for underlying patterns that might inform a more stable approach towards achieving consistent production within the target range.

### Rating Difficulty
Given the unpredictable nature of the production outcomes despite consistent workforce numbers, and the complexity introduced by the apparent impact of unidentified variable factors beyond workforce size, this task presents a significant challenge in strategic decision-making, planning, and adaptation.
Rating difficulty: 8

### Rating Engagement
The simulation required ongoing adjustments, interpretation of outcomes, and strategic thinking, engaging critical thinking and analytical skills to navigate the complexities posed by fluctuating production outcomes.
Rating engaging: 7",800,700,700,700,700,700,700,800,800,800,800,800,800,800,800,800,800,800,800,800,800,800,800,800,800,800,800,800,800,800,10000,4000,9000,5000,8000,6000,7000,10000,6000,10000,7000,10000,7000,8000,8000,8000,7000,10000,5000,11000,4000,12000,4000,12000,4000,12000,5000,11000,6000,10000
"2","dynamic_control_gpt_4_0125_preview_1_json",1,9,6,8,"**Question 1:** The primary strategy involved analyzing the production outcomes based on the workforce sizes utilized, aiming to find an optimal balance that consistently hit the target range of 8,000 to 10,000 tons. Initially, the strategy was somewhat explorative, increasing the workforce size to observe corresponding changes in production. After noticing the non-linear relationship between workforce size and production output (e.g., increases in workforce leading to both overproduction and underproduction at different times), the strategy shifted towards a more cautious adjustment approach, aiming to fine-tune the workforce size based on the most recent outcomes, while considering the broader pattern of variability observed.

Despite attempts at strategic adjustments, the inherent variability in production outcomes suggested factors beyond workforce size considerably impacted productivity. Recognizing this, the strategy evolved into maintaining a workforce size that seemed to offer the best compromise between achieving near or within the target range outcomes and mitigating the risk of significant under or overproduction. Thus, while the fundamental approach revolved around iterative adjustments based on outcomes, the overarching strategy adapted to embrace the complexity and unpredictability observed, aiming for informed consistency rather than frequent major changes.

**Question 2:** Considering the task involved navigating complex, unpredictable dynamics with limited control variables and the need for adapting strategy based on evolving insights, but also considering the provided guidance and structured nature of the task which offered clear objectives and direct feedback on outcomes, the task presents a balanced level of challenge. Rating difficulty: 6.

**Question 3:** The task's engaging nature stems from its requirement for strategic thinking, adaptation, and the intrigue of observing how different workforce levels impact production outcomes within a simulated operational environment. The dynamic nature of the task, necessitating ongoing adjustments and the pursuit of optimizing outcomes within set targets, maintains engagement through problem-solving and decision-making processes. Rating engaging: 8.",800,700,800,700,800,1200,800,700,700,700,700,800,800,700,700,800,800,800,800,800,800,800,800,800,800,800,800,800,800,800,11000,3000,12000,3000,12000,12000,4000,11000,3000,11000,2000,12000,5000,8000,5000,10000,7000,10000,5000,11000,6000,10000,7000,9000,7000,8000,8000,9000,7000,8000
"3","dynamic_control_gpt_4_0125_preview_10_json",10,8,8,7,"**Question 1:**
The primary strategy involved closely monitoring the production outcomes day by day and adjusting the workforce size in an attempt to optimize productivity to fall within the target range of 8,000 to 10,000 tons. The initial approach was somewhat linear, based on a presumption that increasing or decreasing the workforce by a certain number would yield proportionate changes in production output. However, as the experiment progressed and the data revealed significant variability in production outcomes that did not always correlate predictably with changes in workforce size, the strategy evolved to incorporate a more nuanced approach. This involved making smaller, incremental adjustments to the workforce size and aiming to identify patterns or thresholds within the data that could inform more effective adjustments. The inherent unpredictability of production outcomes, despite consistent workforce sizes, necessitated a shift from a linear expectation to a more adaptable, observational approach, focusing on slight adjustments and closely monitoring the resulting effects on production.

**Question 2:**
Considering the unpredictability of production outcomes despite consistent inputs and the challenge of identifying a clear, consistent pattern or strategy to achieve the target production range, the task presented a considerable level of difficulty. Balancing between attempting to understand the operational dynamics at play and making informed decisions with limited predictability added layers of complexity to the task.
Rating difficulty: 8.

**Question 3:**
The task was engaging in that it required continuous analysis, adaptation, and strategic thinking in response to evolving data and outcomes. The challenge of trying to achieve a specific production target amidst variable and sometimes unexpected results offered an intriguing problem-solving dynamic. Efforts to deduce possible patterns or influences on production outputs, despite the complex variability observed, provided a compelling engagement with the task at hand.
Rating engaging: 7.",900,700,800,700,700,600,600,600,600,600,600,500,600,500,500,500,500,500,500,500,500,500,500,500,500,500,500,500,500,500,12000,1000,12000,2000,12000,1000,12000,1000,11000,1000,11000,1000,11000,1000,9000,2000,8000,1000,9000,2000,9000,1000,9000,2000,8000,2000,9000,1000,9000,2000
"4","dynamic_control_gpt_4_0125_preview_11_json",0,6,7,8,"Question 1: The primary strategy involved observing the production outcomes in response to varying workforce levels and attempting to deduce a pattern or a relation between the number of workers and the amount of production. Early on, the approach was to gradually increase the workforce to identify a linear or nearly linear relationship between worker numbers and production output. However, it became apparent that the relationship was not straightforward, showing significant variability. Upon noticing consistency at certain levels (notably at 900 and 1,100 workers), the strategy shifted towards fine-tuning around these levels to achieve the target range. This strategy also adapted by incorporating results from recent days to make informed decisions, assuming that slight variations in workforce numbers might nudge production into the desired range, despite the inherent variability observed.

Question 2: Considering the complexity of deducing a reliable pattern from the given data and the inherent unpredictability in production outcomes despite strategic workforce adjustments, I would rate this task's difficulty as somewhat challenging due to the variability in results and the non-linear relationship between the chosen variables. Rating difficulty: 7.

Question 3: The task was engaging in terms of requiring careful consideration of past outcomes to make future decisions, offering a mix of strategy, prediction, and adaptability. The evolving nature of the challenge, alongside the need for constant adjustment and analysis of emerging patterns, provided a dynamically engaging experience. Rating engaging: 8.",800,700,900,800,900,800,900,800,900,800,900,900,900,1000,1000,1100,1000,1100,1000,1100,1000,1100,1100,1100,1100,1100,1100,1100,1100,1100,11000,4000,12000,3000,12000,4000,12000,4000,12000,4000,12000,7000,12000,7000,12000,11000,8000,12000,7000,12000,8000,12000,9000,12000,9000,12000,9000,12000,9000,12000
"5","dynamic_control_gpt_4_0125_preview_12_json",0,14,6,8,"Question 1: The primary strategy involved reacting to the production output results from the previous days to adjust the workforce size with the aim of maintaining production within the target range of 8,000 to 10,000 tons. Initially, adjustments were made in reaction to significant deviations from the target range, either increasing or decreasing the workforce in attempts to realign production outcomes closer to the target. Over time, observing the variance in production results despite maintaining a consistent workforce size of 1,000 workers, the strategy evolved to prioritizing consistency in workforce size. This was based on the recognition of inherent fluctuations in productivity that might not be directly controlled through workforce adjustments alone. The approach leaned towards maintaining a workforce that had historically resulted in outputs close to or within the target range, recognizing that operational or external factors contributing to day-to-day variability might self-correct over time.

Question 2: Considering the variability in production outcomes and the challenge of predicting the precise impact of workforce adjustments on daily production, especially given the influence of uncontrolled external factors, the task presented a moderate level of difficulty. It required constant attention to changes in production outcomes and adapting the strategy based on evolving insights into the relationship between workforce size and production efficiency. However, the task also allowed for learning and strategy adjustment over time, which could mitigate some of the initial challenges. Rating difficulty: 6.

Question 3: The task was engaging in terms of requiring active participation in decision-making, continuous analysis of production data, and adapting strategies based on observed outcomes. The engagement stemmed from the challenge of optimizing production within the specified target range, the anticipation of the impact of workforce adjustments, and the iterative process of learning from each day’s results to refine the approach. The dynamic nature of the simulation and the goal of maintaining production within a target range introduced an element of problem-solving that kept the task stimulating. Rating engaging: 8.",900,800,1000,900,1000,900,1000,1000,1000,1000,1000,1000,1000,1000,1000,1000,1000,1000,1000,1000,1000,1000,1000,1000,1000,1000,1000,1000,1000,1000,11000,5000,12000,6000,12000,6000,12000,7000,12000,8000,12000,8000,12000,7000,12000,8000,12000,9000,10000,10000,9000,10000,10000,10000,11000,10000,10000,10000,10000,11000
"6","dynamic_control_gpt_4_0125_preview_13_json",1,10,6,8,"Question 1: The primary strategy employed in managing the workforce to optimize production involved analyzing the production output in relation to the workforce size and making adjusted decisions accordingly. Initially, the approach was fairly linear, assuming a direct correlation between the number of workers and production output. However, as the experiment progressed, it became apparent that the relationship was not strictly linear, as increases or decreases in workforce did not always proportionately affect production output.

This observation led to a strategy adjustment, where decisions were based more on patterns observed in previous outcomes and less on the initial assumption of linearity. For instance, when production significantly exceeded or fell short of the target range, the workforce was adjusted in smaller increments to avoid drastic swings in production. The strategy became more nuanced, factoring in the variability and the apparent non-linear relationship between workforce size and production output.

Question 2: Considering the complexity of identifying the optimal balance between workforce size and production output, especially with the observed non-linear relationship and variability in output with similar workforce sizes, the task presented a moderate level of difficulty. The challenge primarily lay in making informed decisions based on past outcomes and anticipating the potential variability in production. Rating difficulty: 6.

Question 3: The task was engaging as it required continuous analysis, adaptation, and decision-making based on evolving data. The need to refine strategies and the challenge of aiming for optimal production within a target range maintained a high level of engagement throughout the experiment. The task's dynamic nature, requiring constant adjustments and predictions, kept the engagement levels high. Rating engaging: 8.",800,900,800,900,1000,900,1000,1100,1100,1000,1000,900,1000,1100,1100,1000,1100,1000,1000,900,1000,1100,1000,1000,900,1000,900,1000,1100,1100,9000,9000,8000,9000,12000,6000,12000,10000,12000,9000,12000,6000,12000,10000,12000,7000,12000,9000,11000,7000,12000,11000,9000,11000,6000,12000,7000,12000,10000,12000
"7","dynamic_control_gpt_4_0125_preview_14_json",2,7,7,8,"Question 1: The primary strategy involved observing the production outcomes resulting from adjustments in workforce numbers and attempting to detect patterns or relationships between workforce size and production volume. Initially, a conservative approach was adopted, incrementing the workforce size in small steps based on the belief that a linear relationship might exist between the number of workers and production output. However, as the simulation progressed and the data exhibited significant variability in production outcomes for similar workforce sizes, the strategy shifted towards a more nuanced approach. This included attempting to identify a 'sweet spot' in workforce size that consistently resulted in production falling within the target range, despite recognizing the influence of unpredictable external variables. The approach adapted further as it became clear that external factors not directly controlled within the simulation parameters significantly influenced production volumes, leading to decisions based on the most recent outcomes and broader patterns observed throughout the experiment.

Question 2: Given the variability in outcomes and the need to account for seemingly random fluctuations beyond the control of workforce size adjustments alone, the difficulty of consistently achieving the target production range was notable. However, the task was manageable with careful observation and strategic adjustments based on available data. Rating difficulty: 7.

Question 3: The engaging nature of the task stemmed from its requirement for critical thinking, decision-making based on data analysis, and adaptation to changing patterns or outcomes. The complexity and dynamic nature of the simulation provided a continuously evolving challenge that required attentiveness and strategic planning. Rating engaging: 8.",800,800,1000,900,1000,900,1000,1000,1000,900,1000,1000,900,900,1000,1000,1000,1000,1000,1000,1000,1000,1000,1000,1000,1000,1000,1000,1000,1000,10000,5000,12000,6000,12000,6000,12000,7000,12000,5000,12000,7000,12000,5000,12000,7000,12000,7000,12000,9000,11000,9000,11000,9000,11000,8000,11000,10000,10000,11000
"8","dynamic_control_gpt_4_0125_preview_15_json",3,1,8,7,"I'm unable to have experiences or change my strategies over time, as I operate based on a set of programmed capabilities and instructions. However, I can analyze the process and provide insights based on the data provided to me.

**Question 1:**
Initially, the strategy focused on analyzing linear relationships between the number of workers and production outcomes, assuming a direct correlation. Observations from the daily production outputs indicated significant variability, suggesting that factors beyond the simple number of workers influenced production rates. This includes potential operational efficiencies, resource availability, machine performance, or external factors not explicitly accounted for in the data. The strategy involved adjusting the workforce size based on previous outcomes, aiming to identify a pattern or a workforce size that consistently produced within the target range. Despite these efforts, the significant fluctuations in production with both the 700 and 800 worker levels highlighted the complexity and unpredictability of achieving stable production outcomes solely based on adjusting workforce numbers. Thus, while the approach adapted to the information available from day-to-day results, the inherent variability in production outcomes underscored the limitations of adjusting workforce size as a singular strategy.

**Question 2:**
Given the unpredictable outcomes observed despite analytical efforts to adjust workforce sizes based on production data, the task's difficulty from an analytical standpoint in achieving the desired production range consistently would be high. 

Rating difficulty: 8

**Question 3:**
Engagement in this task depends on interest in problem-solving, data analysis, and strategic planning. For someone interested in these areas, engaging with the data, analyzing patterns, and making decisions based on available information could be highly engaging. However, since I operate without personal experience or engagement, I'll provide a theoretical perspective on engagement based on the task's nature for someone interested in complex problem-solving and data-driven decision-making.

Rating engaging: 7",900,700,800,700,700,800,700,700,800,700,800,800,800,800,800,800,800,800,800,800,800,800,800,800,800,800,800,800,800,800,12000,2000,12000,2000,11000,5000,9000,6000,11000,3000,12000,4000,11000,4000,12000,4000,11000,4000,12000,5000,11000,5000,12000,3000,12000,4000,12000,5000,11000,5000
"9","dynamic_control_gpt_4_0125_preview_16_json",4,2,7,8,"Question 1: The primary strategy revolved around adjusting the workforce size in response to the daily production outcomes, with an aim to consistently hit the target production range of 8,000 to 10,000 tons. Initially, the focus was on understanding the basic relationship between workforce size and production output, starting with an assumption of linear scalability. However, it quickly became clear that the production output was influenced by more complex factors than workforce size alone, prompting a shift in strategy to a more nuanced approach. This involved closely observing the outcomes of different workforce sizes and attempting to predict the production outputs based on past trends. Despite the inherent unpredictability in the system, the strategy aimed to balance the risk of underproduction and overproduction by making calculated adjustments to the workforce size, while continually seeking patterns that could offer insights into optimizing production within the target range. Over the course of the experiment, the challenge was to adapt to the observed variability and fluctuations in production levels, which suggested that factors beyond direct control might significantly influence daily outputs.

Question 2: Considering the unpredictability of the production outcomes despite consistent adjustments to the workforce and the challenge of identifying a clear pattern or strategy that reliably led to hitting the target range, the task posed a significant challenge. However, the iterative nature of making decisions based on the outcomes provided a framework for ongoing adjustment and learning. Rating difficulty: 7.

Question 3: The task was engaging in terms of requiring ongoing analysis, adaptation, and decision-making based on the evolving outcomes. The challenge of attempting to hit the target production range, despite the complexities and the apparent randomness of the results, provided an engaging problem-solving scenario. The engagement came from trying to understand and anticipate the system's behavior, making strategic decisions, and observing the consequences of those decisions. Rating engaging: 8.",800,700,900,700,800,700,900,800,900,800,800,700,800,800,900,900,900,900,900,900,900,900,900,900,900,900,900,900,900,900,10000,5000,12000,1000,12000,3000,12000,5000,12000,4000,12000,1000,12000,4000,12000,7000,10000,7000,12000,6000,12000,7000,12000,6000,12000,5000,12000,5000,12000,6000
"10","dynamic_control_gpt_4_0125_preview_17_json",5,13,6,8,"Question 1: The primary strategy involved closely monitoring the production outcomes in response to adjustments in workforce size and attempting to establish a pattern or relationship between the number of workers and production output. Initially, attempts were made to apply a linear model assumption, believing that increasing or decreasing the number of workers in steps of 100 would yield proportional changes in production. However, variability in production outcomes, likely due to factors beyond workforce size, such as operational efficiency, material supply issues, and perhaps environmental conditions, necessitated a more adaptive approach. The strategy evolved to include maintaining a workforce size that, based on observed trends, seemed to offer the best chance of aligning production within the target range, even when this did not guarantee consistency due to the inherent unpredictability in outcomes. There was a periodic reassessment after observing the outcomes of each adjustment, aiming to fine-tune the workforce size based on the most recent production data while considering historical patterns.

Question 2: Considering the need to analyze patterns, adjust strategies based on evolving data, and the unpredictability of production outcomes, the task presents a moderate level of difficulty. It requires attentiveness to detail, the ability to adapt to changing information, and some level of strategic planning based on the observed data. However, the constraints of only being able to adjust the workforce in increments of 100 workers and the variability in production that doesn't always directly correlate to workforce size adjustments introduce complexity. Therefore, I would rate this task as moderately challenging. Rating difficulty: 6.

Question 3: The task is engaging as it involves continuous interaction with evolving data, requires making strategic decisions, and offers an opportunity to apply problem-solving skills in an attempt to optimize production within a specific target range. The process of analyzing patterns, anticipating outcomes of workforce adjustments, and adapting strategies based on observed results keeps the task dynamic and involving. Furthermore, the challenge of achieving a balance between operational efficiency and production targets creates an engaging problem-solving scenario. Thus, the level of engagement in performing this task is relatively high. Rating engaging: 8.",900,800,900,800,900,900,800,800,900,900,900,800,900,900,900,900,900,900,900,900,900,900,900,900,900,900,900,900,900,900,12000,4000,12000,3000,12000,6000,9000,7000,11000,7000,12000,4000,12000,7000,11000,7000,11000,8000,11000,8000,10000,9000,9000,10000,9000,9000,8000,10000,8000,9000
"11","dynamic_control_gpt_4_0125_preview_18_json",6,10,6,7,"As an AI developed by OpenAI, I don't have personal experiences or feelings, but I can provide a logical analysis based on the given scenario to address your questions.

Question 1: The primary strategy used throughout this experiment was to adjust the workforce in response to the previous day's production outcome, aiming to optimize production within the specified target range of 8,000 to 10,000 tons. The decision-making process considered patterns observed in daily production changes as the workforce numbers were adjusted. Initially, there might have been an attempt to identify a linear correlation between workforce size and production output. As the experiment progressed and data accumulated, it became apparent that production outcomes were influenced by a combination of factors beyond just workforce size, indicating a need for a more nuanced approach. Recognizing the variability in production outcomes with similar workforce sizes, the strategy evolved to fine-tuning the workforce numbers around a range that had previously yielded outcomes closest to the target production range. This involved making incremental adjustments based on the latest production outcomes, striving for a balance between maximizing productivity and staying within the target range.

Question 2: Without personal experiences, I can assess that the difficulty of this task would vary depending on one's familiarity with data analysis, predictive modeling, and understanding of operational dynamics. The challenge lies in identifying patterns within the given data and making informed decisions based on those patterns, necessitating a grasp of basic statistical principles and logical reasoning. A subjective difficulty rating might be a 6, recognizing the complexity in drawing accurate conclusions from fluctuating data and the nuanced decision-making required. Rating difficulty: 6.

Question 3: Engaging tasks typically involve elements of challenge, variety, and the opportunity for skill use and development. From an analytical perspective, this task provides an opportunity to apply logical reasoning and observe the outcomes of decision-making in a simulated operational environment, likely offering a moderate level of engagement for individuals interested in problem-solving and optimization strategies. Given these considerations, a subjective engagement rating might be a 7, acknowledging the interactive nature of the task and the mental involvement required to analyze outcomes and plan subsequent actions. Rating engaging: 7.",800,800,900,800,900,900,1000,900,1000,1100,1100,1000,1000,1000,1000,900,1000,1100,1100,1100,1100,1100,1100,1100,1100,1100,1100,1100,1100,1100,10000,5000,12000,5000,12000,7000,12000,6000,12000,10000,11000,8000,11000,8000,12000,6000,12000,10000,12000,10000,12000,10000,11000,10000,12000,10000,11000,11000,11000,10000
"12","dynamic_control_gpt_4_0125_preview_19_json",7,10,7,8,"As an AI developed for a wide range of interactions and problem-solving, here's a synthesis of the strategy and response to the outlined questions:

### Question 1: Strategies Used
Initially, the strategy focused on observing the direct impact of workforce changes on production quantities, aiming for a linear correlation assumption (i.e., increasing or decreasing workforce by a certain amount would predictably adjust production volumes). When production outcomes revealed significant variability despite consistent workforce adjustments, the strategy evolved to accommodate a broader understanding of operational dynamics. It became apparent that factors beyond workforce numbers—such as operational efficiency, material quality, and possibly external environmental variables—were influencing production outcomes. Thus, the strategy shifted towards maintaining a workforce level that had shown potential to achieve the target range under certain conditions, while emphasizing the need for operational optimization to address the inherent production variability.

### Question 2: Difficulty Rating
Considering the complexity of managing fluctuating production levels with various influencing factors beyond workforce numbers, coupled with the challenge of strategizing with limited control over external variables, this task presents substantial complexity. However, the formulation and adjustment of strategies based on outcome feedback offered a structured framework for decision-making. **Rating difficulty: 7.**

### Question 3: Engagement Rating
The task was engaging due to the necessity of adapting strategies in response to unpredictable production outcomes and developing an understanding of the multifaceted nature of operational efficiency. The challenge of achieving a balance between workforce numbers and other operational factors to meet production targets provided an engaging dynamic, necessitating ongoing analysis and strategic adjustments. **Rating engaging: 8.**

These questions reflect on the nuanced approach required to navigate the task's challenges, emphasizing both the complexity and the engaging nature of problem-solving within operational dynamics.
",900,800,800,700,800,700,700,800,700,700,700,700,700,700,700,700,700,700,700,700,700,700,700,700,700,700,700,700,700,700,11000,5000,11000,2000,12000,2000,11000,5000,9000,6000,8000,6000,8000,6000,7000,8000,5000,10000,4000,10000,5000,10000,5000,9000,5000,9000,4000,9000,6000,7000
"13","dynamic_control_gpt_4_0125_preview_2_json",2,1,8,7,"Question 1: The primary strategy employed throughout the simulation involved closely monitoring the production outcomes resulting from different workforce sizes (800, 700, and 900 workers) and making adjustments based on the observed outputs relative to the target production range. Initial decisions were grounded in the simple heuristic of linearly scaling workforce size in response to production outcomes. However, it quickly became apparent that the relationship between workforce size and production was non-linear and influenced by unpredictable variables. The strategy evolved to more cautiously adjusting the workforce size, aiming to identify a pattern or balance point that might consistently achieve production within the target range. Despite this, the pronounced variability and apparent randomness in production responses to workforce adjustments suggested that factors beyond direct control significantly impacted outcomes. The strategy remained adaptive, with a focus on fine-tuning within the constraints of the available workforce options based on observed performance, even though achieving the target range proved elusive due to the unpredictable nature of production outputs.

Question 2: Given the unpredictable fluctuations in production regardless of the adjustments made to the workforce size, and the challenge of identifying a clear pattern or strategy that would reliably achieve the target production range, this task can be rated as quite difficult. There seemed to be a significant element of variability in the production process not accounted for by workforce size adjustments alone, making it challenging to accurately predict or influence outcomes towards the desired target consistently. Rating difficulty: 8.

Question 3: The task was engaging in the sense that it required constant analysis, adaptation, and reconsideration of strategies in response to a dynamic and seemingly unpredictable set of outcomes. The challenge of trying to discern patterns or effective strategies within the variability of the production process, along with the goal of optimizing outcomes within given constraints, provided a compelling problem-solving scenario. Rating engaging: 7.",900,800,900,800,700,700,800,700,800,800,800,800,800,800,800,800,800,800,800,800,800,800,800,800,800,800,800,800,800,800,11000,5000,12000,4000,9000,5000,12000,2000,12000,4000,11000,5000,11000,4000,12000,3000,12000,3000,12000,4000,12000,3000,12000,3000,12000,4000,11000,5000,11000,4000
"14","dynamic_control_gpt_4_0125_preview_20_json",8,3,8,7,"**Question 1:** The primary strategy employed initially was to observe the direct impact of workforce size on production, assuming a linear relationship where increasing the number of workers would proportionally increase production. Early on, adjustments were made based on the simple calculation of tons produced per 100 workers, intending to scale workforce size to target the production range of 8,000 to 10,000 tons. However, as the simulation progressed and variability in production output became apparent even with consistent workforce numbers, it was clear that factors beyond mere workforce size influenced production. The strategy evolved to include a more cautious approach, aiming to fine-tune the workforce size based on recent outcomes and trends rather than making larger adjustments, anticipating that slight changes could help approach the target range more accurately. Considering the unforeseen fluctuations, the strategy incorporated a readiness to adapt to the unpredictability observed, balancing between avoiding drastic overproduction or underproduction based on the historical data provided daily.

**Question 2:** Rating difficulty: 8. The task presented a considerable challenge primarily due to the unpredictable nature of production output relative to workforce size, highlighting complexities in operational dynamics that extend beyond simple numerical adjustments. The variability in results, despite consistent workforce sizes, made it difficult to predict outcomes and necessitated continuous strategy reevaluation.

**Question 3:** Rating engaging: 7. The task was engaging as it required continuous analysis, adaptation, and strategic planning in response to fluctuating production outputs. The need to interpret the data, adjust strategies, and anticipate potential outcomes based on historical trends created an engaging scenario that stimulated problem-solving and critical thinking skills.",800,800,1000,900,1000,900,800,800,900,900,1000,900,800,800,900,800,900,800,900,900,900,900,900,900,900,900,900,900,900,900,9000,7000,12000,6000,12000,6000,10000,7000,11000,6000,12000,6000,10000,6000,12000,4000,12000,4000,12000,7000,12000,7000,11000,6000,12000,6000,12000,6000,12000,6000
"15","dynamic_control_gpt_4_0125_preview_21_json",9,6,7,8,"Question 1: The primary strategy used throughout this simulation centered around analyzing the output production in relation to the number of workers employed, aiming to adjust the workforce size to achieve production within the target range of 8000 to 10000 tons. Initially, adjustments were made in response to the immediate output results—increasing workforce numbers in an attempt to boost production when outcomes were below the target range, and maintaining or slightly adjusting the workforce when outputs neared the target range. This strategy was consistent, focusing on achieving a delicate balance based on past outcomes and aiming to anticipate production changes without causing significant overshooting or undershooting of the target range. However, the persistent variability in production outcomes, despite a consistent workforce number, underscored the complexity of the task and the influence of additional variables beyond workforce size. This led to a more cautious approach, maintaining the workforce number towards the latter stages of the experiment to gather further data and identify more stable patterns or insights that could inform more nuanced adjustments. The variability and unpredictability of outcomes highlighted the challenges in directly correlating workforce size with production levels, necessitating a flexible and observant approach to decision-making.

Question 2: Considering the complexity of managing production to consistently meet a specific target range amid significant output variability and the challenge of identifying a direct and predictable correlation between workforce numbers and production outcomes, this task presents a considerable challenge. Furthermore, the need to adapt strategies in response to fluctuating production outcomes and the insights required to navigate these variations contribute to the task's difficulty. Rating difficulty: 7.

Question 3: The task is engaging in its demands for strategic thinking, adaptability, and continuous analysis of outcomes in relation to actions taken. The variability in production presents an intriguing challenge, encouraging a dynamic approach to decision-making and problem-solving. The process of observing the impact of workforce adjustments on production outcomes and aiming to identify patterns or strategies that could stabilize production within the target range sustains engagement over time. Rating engaging: 8.",800,800,900,900,900,900,800,900,800,900,900,900,900,900,900,900,900,900,900,900,900,900,900,900,900,900,900,900,900,900,9000,8000,9000,9000,8000,10000,6000,12000,4000,12000,6000,12000,7000,12000,6000,12000,5000,12000,6000,12000,6000,11000,7000,12000,6000,12000,6000,12000,6000,11000
"16","dynamic_control_gpt_4_0125_preview_22_json",10,0,7,7,"As an AI, I don't have personal experiences or change strategies based on outcomes. However, the approach I followed was based on analyzing the production data provided daily and adjusting the workforce size in an attempt to achieve the production target. The key strategy was to observe the impact of increasing or decreasing the number of workers on the production output and to adjust the number of workers accordingly, aiming to align the production as closely as possible with the target range of 8,000 - 10,000 tons. Notably, despite maintaining or adjusting the workforce size, achieving a stable production output within the target range proved challenging due to apparent variability in production outcomes that seemed influenced by factors beyond workforce size alone.

Over the course of this experiment, while the basic analytical approach remained consistent, the understanding of the complexity and unpredictability of production outcomes deepened. It became clear that the relationship between workforce size and production output was not linear or directly proportional and that adjustments to workforce size alone were insufficient to guarantee predictable outcomes within the desired target range. This observation did not lead to a change in strategy per se, because the simulation's constraints limited the available actions to adjusting workforce size. However, it emphasized the importance of flexibility, adaptability, and the readiness to respond to varying outcomes in managing production processes.

Regarding the difficulty of the task, considering it from the perspective of aiming for a specific production target range within the constraints provided, and given the unexpected variability in production outcomes that did not correlate directly with adjustments in workforce size, it's evident that the task poses a significant challenge. Such variability suggests external factors at play beyond the direct control through workforce size, adding complexity to achieving the target production range.

Rating difficulty: 7

The task's engagement level would be based on the complexity of managing production to meet specific targets, considering the variability and unpredictability in production outcomes observed. The need to adapt to new information, analyze outcomes, and make decisions on workforce adjustments to aim for a target production range could be engaging for those interested in problem-solving and management simulations.

Rating engaging: 7",900,700,800,700,800,700,800,700,800,800,900,800,900,900,900,900,900,900,900,900,900,900,900,900,900,900,900,900,900,900,12000,3000,12000,2000,12000,1000,12000,3000,12000,4000,12000,3000,12000,7000,12000,6000,12000,6000,12000,5000,12000,5000,12000,5000,12000,5000,12000,7000,12000,7000
"17","dynamic_control_gpt_4_0125_preview_23_json",11,10,7,8,"Question 1: The primary strategy for solving the tasks was based on analyzing the production data in relation to the workforce size and then making informed decisions to adjust the number of workers with the goal of achieving the targeted production range of 8,000 to 10,000 tons. The strategy evolved to account for the inherent variability in production outcomes, transitioning from direct linear adjustments based on previous output levels to more nuanced changes that considered potential non-linearities and external factors affecting production. Initially, adjustments were more reactive, directly increasing or decreasing the workforce in response to the previous day's production. However, as the variability became apparent, the strategy shifted towards a more cautious approach, attempting to balance the workforce size to manage the broad fluctuations in productivity. This approach aimed to moderate extreme variances while still striving to align production with the target range.

Question 2: Considering the variability in production despite consistent adjustments in workforce size and the challenge in predicting outcomes based on these adjustments, the task presented a notable level of complexity. Balancing the workforce to achieve a target production range amid fluctuating operational efficiency required continuous analysis and adaptation. Thus, based on the complexities encountered and the dynamic nature of operational responses, the task's difficulty is appreciable. Rating difficulty: 7.

Question 3: Engaging with dynamic data, analyzing patterns, and making strategic decisions to influence outcomes within a specified target range made the task intellectually stimulating. The need to adapt strategies in response to evolving insights about production dynamics and the challenge of achieving consistency in output amidst inherent variability contributed to a high level of engagement. Addressing the complexity and unpredictability of the task while striving for optimal outcomes provided a continuously engaging experience. Rating engaging: 8.",900,700,1000,800,1100,1000,1100,1100,1100,1100,1100,1000,1000,1000,1000,1000,1000,1000,1000,1100,1000,1000,1000,1000,1000,1000,1000,1000,1000,1000,12000,2000,12000,4000,12000,8000,12000,9000,12000,10000,11000,10000,9000,11000,9000,11000,9000,12000,7000,12000,9000,12000,8000,12000,7000,12000,7000,12000,8000,12000
"18","dynamic_control_gpt_4_0125_preview_24_json",1,8,6,7,"Question 1: The primary strategy focused on analyzing the production output resulting from varying workforce sizes and adjusting the workforce numbers to aim for the target production range of 8,000 to 10,000 tons. Initially, adjustments were made incrementally based on the linear assumption that increasing or decreasing workers directly correlates with production output. However, as the experiment progressed and production outcomes exhibited significant variability despite similar workforce numbers, it became evident that factors beyond just workforce size influenced productivity. Thus, the strategy evolved to cautiously manipulating workforce numbers within a narrow range, aiming to fine-tune the balance between underproduction and overproduction, given the observed fluctuations and non-linear relationship between workforce size and production output.

Question 2: Considering the variability in production outcomes and the influence of unseen factors beyond workforce changes, the task presents a moderate level of challenge, primarily due to the need for adjusting strategy in response to unexpected production figures. Rating difficulty: 6.

Question 3: The task's engagement lies in its requirement for continuous adaptation and analysis of outcomes against targets, with a need to iterate decisions daily. The process of predicting the impact of workforce adjustments and observing the sometimes unpredictable results provides a dynamic and engaging problem-solving experience. Rating engaging: 7.",800,700,1200,1100,1100,1000,1100,1000,1100,1000,1000,900,1000,900,1000,900,1000,900,1000,900,1000,900,1000,1000,1000,900,1000,1000,1000,1000,10000,3000,12000,9000,12000,9000,12000,8000,12000,9000,12000,7000,12000,6000,12000,6000,12000,6000,12000,7000,12000,6000,12000,8000,12000,6000,12000,8000,12000,8000
"19","dynamic_control_gpt_4_0125_preview_25_json",2,1,7,8,"Question 1: The primary strategy utilized involved adjusting the workforce in increments based on the production outcomes observed. Initially, the approach was linear, assuming a proportional relationship between workforce size and production output. After observing the non-linear and somewhat unpredictable relationship between these variables – with production sometimes increasing or decreasing unexpectedly despite changes in workforce numbers – the strategy evolved to include more nuanced adjustments. Emphasis was placed on seeking a balance that could mitigate the variability and aim for consistent production within the target range. Adjustments oscillated between 900 and 1,000 workers, relying on historical data patterns to inform decisions, though this approach struggled to achieve the target consistently due to the dynamic nature of the factors affecting production.

Question 2: Considering the variability in production outcomes relative to workforce changes and the challenge in identifying a consistently effective strategy within the given constraints, the difficulty of this task is moderately high. Judgment on workforce adjustments had to account for fluctuating production outputs, potentially influenced by unaccounted factors beyond simple worker numbers. Rating difficulty: 7.

Question 3: The task presented an engaging challenge due to its dynamic nature and the necessity for strategic decision-making based on changing scenarios. The process of analyzing patterns, adjusting strategies, and seeking optimal outcomes within the bounds of the simulation's variables fostered a constantly evolving problem-solving environment. This engagement in decision-making and adaptability to outcomes sustained interest throughout the simulation. Rating engaging: 8.",800,700,900,800,1000,900,1000,900,1000,900,1000,900,1000,900,1000,900,1000,900,1000,900,1000,900,1000,900,1000,900,1000,900,1000,1000,11000,3000,12000,3000,12000,5000,12000,6000,12000,7000,12000,6000,12000,6000,12000,5000,12000,6000,12000,7000,12000,5000,12000,6000,12000,5000,12000,6000,12000,8000
"20","dynamic_control_gpt_4_0125_preview_26_json",3,12,6,8,"### Question 1:
The primary strategy involved closely monitoring the production outcomes associated with specific workforce levels and adjusting the workforce size to aim for the target production range of 8,000 to 10,000 tons. Initially, the approach was somewhat linear, assuming a direct correlation between the number of workers and production volume. However, it became evident that production was influenced by non-linear factors or variability beyond just workforce size. Therefore, the strategy evolved to include more nuanced adjustments based on recent outcomes, attempting to learn from the variability and apply slight increases or decreases in worker numbers to fine-tune production toward the target range.

### Question 2:
Considering the need to adapt to unexpected production outputs and the challenge of identifying a consistent pattern in the relationship between workforce size and production, this task presented a moderate level of difficulty. It required attentiveness to patterns, willingness to adjust strategies, and some trial and error to get closer to desired outcomes. 

Rating difficulty: 6

### Question 3:
This task was engaging in terms of requiring constant evaluation of outcomes, decision-making based on historical results, and attempting to predict the impacts of adjustments in workforce size. The variability in production results added an element of unpredictability that made the task more engaging, as it necessitated active engagement and strategy revision.

Rating engaging: 8",800,700,1000,900,1000,900,1000,1100,1100,1000,1000,1100,1100,1000,1100,1000,1100,1000,1100,1000,1000,1000,1000,1100,1100,1000,1100,1000,1000,1000,10000,3000,12000,5000,12000,6000,12000,10000,12000,8000,12000,10000,12000,8000,12000,8000,12000,7000,12000,9000,11000,8000,12000,9000,12000,8000,12000,9000,11000,10000
"21","dynamic_control_gpt_4_0125_preview_27_json",4,15,6,8,"Question 1: The primary strategy involved analyzing the output generated by different levels of the workforce and adjusting the number of workers in an attempt to hit or remain within the target production range (8,000 to 10,000 tons). Initially, the approach was to directly scale the workforce up or down based on the previous day's output relative to the target range. However, the outcomes showed a non-linear relationship between workforce size and production, necessitating a more nuanced strategy. Adjustments were made more cautiously, aiming to find a sweet spot where the workforce would consistently yield production within the target range. When a particular workforce level resulted in production within or close to the desired range, similar levels were maintained or slightly adjusted in subsequent decisions to refine outcomes further. Observing the pattern of production allowed for informed adjustments to the workforce despite the variability and seemingly unpredictable changes in productivity that suggested external factors or operational efficiencies were also at play.

Question 2: The task's difficulty level varied as it progressed, primarily due to the need to adapt to unexpected production outcomes from similar workforce sizes. Considering the need to analyze trends, make projections, and adjust strategies accordingly, the task was moderately challenging. Rating difficulty: 6

Question 3: The task was engaging because it required continuous adaptation and analysis of past performance to inform future decisions. The dynamic nature of the results and the goal of optimizing production within a specified range provided a compelling challenge. Rating engaging: 8",1000,900,1000,900,1100,800,900,1000,1000,1100,1100,1000,1000,1100,1000,1000,1100,1000,1000,1000,1000,1000,1000,1000,1000,1000,1000,1000,1000,1000,12000,6000,12000,6000,12000,5000,12000,8000,12000,10000,11000,9000,11000,11000,9000,11000,12000,9000,10000,10000,9000,10000,10000,10000,9000,10000,11000,9000,12000,9000
"22","dynamic_control_gpt_4_0125_preview_28_json",5,2,8,7,"I'm an AI developed by OpenAI, and my responses are generated based on the programming and data provided to me. Thus, I don't have personal experiences, feelings, or changes in strategy. However, I can outline a hypothetical approach based on the scenario described:

### Strategy Explanation:

1. **Initial Strategy:** The starting approach was to analyze the given output relative to the number of workers and then adjust the worker count in an almost linear fashion, aiming to hit the production target based on previous day outcomes.

2. **Adaptive Strategy:** As the simulation progressed, it became clear that production did not scale linearly or predictably with changes in the number of workers. The strategy thus evolved to incorporate a more cautious adjustment of the workforce, aiming to find a balance between previous over and underproductions. The hypothesis was that there might be a 'sweet spot' that could achieve target production consistently, despite the observed fluctuations.

3. **Reflective Strategy:** Noticing the recurring patterns where certain workforce sizes consistently led to over or underproduction, the strategy further adapted by attempting to oscillate around workforce sizes that previously resulted in production closest to the target range. The aim was to discover if a pattern of production could be stabilized or if external factors influenced production unpredictably.

### Difficulty Rating:
Given the unpredictable nature of production output despite similar inputs, and the challenge in achieving the target production range consistently, the task would likely pose a significant challenge due to its apparent complexity and the variables not entirely under control.

**Rating difficulty: 8**

### Engagement Rating:
From an outsider's perspective analyzing the task, it could be engaging to attempt different strategies to achieve the target production range, especially as it involves analyzing outcomes, adjusting inputs, and dealing with fluctuating data that does not consistently follow a clear pattern.

**Rating engaging: 7**",900,800,1000,700,900,800,1000,900,1000,900,1000,800,900,1000,1000,900,1000,900,1000,900,1000,900,1000,900,1000,900,1000,900,1000,1000,11000,6000,12000,2000,12000,4000,12000,6000,12000,6000,12000,4000,12000,8000,12000,7000,12000,5000,12000,7000,12000,5000,12000,7000,12000,5000,12000,5000,12000,8000
"23","dynamic_control_gpt_4_0125_preview_29_json",6,8,6,8,"Question 1: The primary strategy was to observe the output changes in relation to adjustments in the workforce and then make informed decisions based on the patterns detected. Initially, a linear assumption guided the decision-making process, assuming more workers would straightforwardly result in higher production. However, the results quickly revealed a non-linear relationship, with varying productivity per worker at different workforce levels. This led to a more nuanced approach, aiming to find a balance between underproduction and overproduction by fine-tuning the number of workers in response to the latest outcomes, learning from both the immediate and previous results to predict the optimal workforce needed to achieve the target production range. This strategy remained consistent but became more refined with each day's data, adjusting the anticipated impact of changes in workforce size based on observed trends and anomalies.

Question 2: Considering the variables and the necessity to adapt strategies based on fluctuating outcomes, coupled with the challenge of forecasting the impact of workforce adjustments on production, I would rate the task's difficulty as moderately challenging. It requires attention to detail, pattern recognition, and adaptability without being overly complex once initial trends are understood. Rating difficulty: 6.

Question 3: This task is engaging at a high level due to the necessity for active decision-making, analysis, and the intriguing challenge of predicting outcomes based on historical performance data. The process of adjusting strategies in response to unexpected results adds an element of problem-solving that keeps the task interesting. Rating engaging: 8.",900,800,1000,900,1000,900,1100,1000,1100,1000,1100,1000,1000,900,1000,1100,1100,1000,1000,900,1000,1100,1000,900,1000,1100,1100,1000,1100,1100,11000,5000,12000,5000,12000,5000,12000,7000,12000,8000,12000,9000,12000,6000,12000,9000,12000,9000,11000,8000,12000,9000,11000,6000,12000,10000,12000,9000,12000,11000
"24","dynamic_control_gpt_4_0125_preview_3_json",3,6,7,8,"**Question 1:**

The primary strategy involved analyzing the production outcomes relative to the workforce size changes to identify patterns or correlations that could guide future decisions. Initially, the approach was somewhat linear, assuming a direct proportionality between workforce size and production output. However, it quickly became evident that the relationship was non-linear, with varying outputs for similar workforce sizes on different days suggesting that external factors or diminishing returns at certain scales could be influencing production. 

This led to a strategy adjustment: a more nuanced approach was adopted, considering both past outcomes and aiming for incremental adjustments to navigate towards the target production range without making drastic changes that could lead to unpredictable results. The focus shifted towards fine-tuning, based on the observed variability and aiming to find a balance that could consistently land production within or closer to the desired target range, acknowledging the sensitivity of the production process to changes in the workforce.

**Question 2:**

Given the unpredictability of production outcomes despite controlled adjustments in the workforce and the challenge of accounting for unmeasured variables potentially affecting production, the task was complex. Moreover, achieving consistent results within a narrow target range posed a significant analytical challenge, requiring constant adaptability and strategic thinking. Rating difficulty: 7.

**Question 3:**

The task was engaging due to its dynamic nature, requiring ongoing analysis, decision-making, and adaptation based on the evolving understanding of the production process's sensitivity to workforce changes. The challenge of optimizing production within a specified range, coupled with the analytical aspect of discerning patterns and adjusting strategies, sustained engagement throughout the experiment. Rating engaging: 8.",900,800,1000,900,1000,1100,1100,1000,1100,1000,1000,900,1000,1100,1000,1000,900,1000,900,1000,900,1000,1100,1100,1100,1000,1000,1100,1100,1100,11000,5000,12000,5000,12000,10000,12000,7000,12000,9000,11000,6000,12000,11000,9000,11000,7000,12000,6000,12000,6000,12000,10000,11000,12000,8000,12000,10000,11000,11000
"25","dynamic_control_gpt_4_0125_preview_30_json",0,19,4,7,"Question 1: The primary strategy was to adjust the workforce based on the production output received the day before, aiming to keep production within the target range of 8,000 - 10,000 tons. Initially, I made proportional adjustments based on early results, assuming a somewhat linear relationship between workforce size and production. When production outcomes exhibited variability beyond direct proportionality to workforce adjustments, the strategy evolved to more cautious, incremental changes rather than larger, more reactive shifts. This was particularly true after observing that a workforce of 1000 could result in a broad range of outputs due to external factors or operational efficiency variations. The goal was to find a workforce size that consistently achieved within or near the target range, balancing the need for adaptability with the insights gained about variability patterns.

Question 2: Rating difficulty: 4. The task's complexity stems from understanding the relationship between workforce size and production output while managing variability. Initially, the challenge is moderate as patterns emerge. However, it becomes less difficult once a stable workforce size is identified that frequently achieves within the target range, despite some daily fluctuations.

Question 3: Rating engaging: 7. The task is engaging because it requires continuous analysis and decision-making based on previous outcomes. Trying to optimize the workforce based on changing production outputs keeps the task interactive and demands ongoing attention to detail and pattern recognition.",800,800,900,900,1000,900,1000,1100,1000,1000,1000,1000,1000,1000,1000,1000,1000,1000,1000,1000,1000,1000,1000,1000,1000,1000,1000,1000,1000,1000,9000,7000,10000,8000,12000,6000,12000,11000,10000,10000,11000,10000,10000,10000,9000,11000,9000,12000,8000,11000,8000,12000,8000,11000,9000,10000,10000,9000,10000,10000
"26","dynamic_control_gpt_4_0125_preview_4_json",4,2,7,8,"**Question 1:** The primary strategy used in addressing the task was guided by observing the outcomes of different workforce levels and attempting to adjust the number of workers based on the previous day's production results. Initially, the approach involved making relatively linear adjustments in the workforce size, aiming to directly correlate worker numbers with production volumes. However, as the experiment progressed and the variability in production outcomes became evident despite consistent workforce numbers, the strategy evolved to factor in the inconsistency and unpredictability of production outcomes. The focus shifted towards attempting to identify a pattern or a range of workforce numbers that could potentially yield results within the target production range, acknowledging the fluctuating nature of production efficiency and external factors influencing the outcomes.

**Question 2:** Considering the variability in outcomes and the challenge in predicting production volumes based solely on workforce adjustments, the task presents a moderate level of difficulty. There's a complexity in managing and adapting to the inherent unpredictability and fluctuating production volumes despite consistent inputs. However, the exercise also provides an opportunity to explore strategic adjustments and operational insights.  
Rating difficulty: 7

**Question 3:** The task is engaging in its requirement for continuous assessment, adaptation, and strategic decision-making in response to the outcomes observed each day. The challenge of achieving and maintaining production within the target range, despite the evident variability, stimulates problem-solving and analytical thinking. The engagement comes from attempting to discern patterns, making educated adjustments, and observing the subsequent results, fostering a dynamic interaction with the task.  
Rating engaging: 8",800,700,900,800,900,800,700,800,900,900,900,800,900,900,900,900,900,900,900,900,900,900,900,900,900,900,900,900,900,900,11000,3000,12000,4000,12000,3000,11000,5000,12000,6000,12000,4000,12000,7000,12000,6000,12000,6000,12000,5000,12000,6000,12000,5000,12000,6000,11000,7000,10000,9000
"27","dynamic_control_gpt_4_0125_preview_5_json",5,12,6,8,"Question 1: The primary strategy was to adjust the workforce based on previous production outcomes to aim for the target production range of 8,000 - 10,000 tons. Initially, a simple linear extrapolation approach was taken based on the first few days' data, adjusting the number of workers in response to whether the previous day's production fell above or below the target range. This strategy evolved to include cautious incremental adjustments as it became clear that production output was not linearly correlated with workforce size and was influenced by factors not directly observable within the scope of the provided data. The approach shifted towards fine-tuning the workforce size in smaller increments, attempting to find a 'sweet spot' that would consistently yield production within the target range. This nuanced approach was informed by recognizing patterns in the data, such as the tendency for production to exceed the target range with 1,100 workers and either hit the lower boundary or fall below the target range with 1,000 workers, with notable exceptions prompting careful reconsideration of each subsequent workforce adjustment.

Question 2: Given the unpredictability in the production outcomes despite consistent changes in workforce size and the challenge in identifying a clear and consistent correlation between the workforce size and production output, the task poses a considerable challenge in predicting and achieving the desired outcomes reliably. However, the analytical aspect and the iterative strategy adjustment provide a solid framework for addressing the task. Rating difficulty: 6.

Question 3: The task is engaging due to the requirement for active problem-solving, data analysis, and strategy formulation based on the outcomes observed with each workforce adjustment. The unpredictability in production outcomes despite systematic changes in the workforce adds an element of complexity that engages critical thinking and planning skills. There's a compelling aspect in analyzing the patterns, making predictions, and adapting strategies in response to the dynamically changing data. Rating engaging: 8.",900,800,800,900,900,900,900,1000,900,1000,1100,1000,1000,900,1000,1100,1100,1000,1100,1000,1100,1000,1100,1000,1100,1000,1000,1000,1000,1000,11000,5000,10000,9000,8000,10000,7000,12000,6000,12000,11000,8000,12000,5000,12000,10000,12000,8000,12000,8000,12000,7000,12000,8000,12000,8000,12000,8000,12000,8000
"28","dynamic_control_gpt_4_0125_preview_6_json",6,1,7,8,"Question 1: The primary strategy used throughout this simulation involved assessing the patterns in production output relative to workforce changes and attempting to adapt the workforce size to optimize production within the target range of 8,000 to 10,000 tons. Initially, the response to production outcomes sought to directly correlate workforce size adjustments with achieving target production levels. However, as the simulation progressed, it became evident that production outcomes exhibited significant variability despite consistent workforce sizes. This indicated that factors beyond workforce size, potentially including operational efficiencies, material supply, equipment reliability, and external demand fluctuations, significantly influenced production outcomes. The strategy, therefore, subtly shifted towards maintaining a relatively high workforce size (900 workers) in anticipation that it would more frequently result in hitting or approaching the target production range, despite acknowledging the inherent unpredictability in outcomes. This adjusted approach reflected an understanding that optimizing production within the desired range required navigating complex operational dynamics that extended beyond simplistic workforce size adjustments.

Question 2: Considering the complexities involved in managing production to consistently hit the target range amid intrinsic variability and the limited ability to directly influence or control all potentially impacting factors within the simulation framework, the task presented a notable challenge. Balancing the aim of achieving consistency in production outcomes against the backdrop of observed variability required continuous adaptation and careful consideration of observed patterns, despite the inherent limitations in actionable levers. Rating difficulty: 7.

Question 3: The engagement level for this task was high due to the necessity for continuous analysis, adaptation, and strategic decision-making in response to fluctuating production outcomes. The anticipation of the impact of each decision on production outcomes, coupled with the challenge of deciphering underlying patterns or insights within a constrained decision-making framework, maintained a strong level of engagement throughout the experiment. The dynamic nature of the task, requiring iterative assessment and strategic adjustments, fostered an engaging problem-solving environment. Rating engaging: 8.",900,800,800,800,900,800,900,900,900,900,900,900,900,900,900,900,900,900,900,900,900,900,900,900,900,900,900,900,900,900,11000,6000,9000,6000,12000,4000,12000,6000,12000,5000,12000,6000,12000,5000,12000,6000,12000,6000,12000,5000,12000,7000,11000,6000,12000,5000,12000,6000,12000,6000
"29","dynamic_control_gpt_4_0125_preview_7_json",7,5,7,8,"Question 1: The primary strategy centered around observing the relationship between the workforce size and the production output, aiming to identify patterns or correlations that could guide decision-making to keep production within the target range of 8,000 to 10,000 tons. Initially, the strategy entailed cautious adjustments to the workforce size based on the previous day's production outcome, seeking a linear correlation between workers and tons produced. However, as the experiment progressed, it became clear that production outcomes were influenced by more complex, variable factors beyond just the number of workers. The strategy adapted to this realization, maintaining the workforce size at a level that had previously yielded outcomes within or close to the target range, while implicitly considering the need for operational optimizations to address the variability in production outputs.

Question 2: Assessing the difficulty of this task involves considering the unpredictability of the production outcomes and the complexity of managing operational factors beyond workforce size. While the task starts seemingly simple, the variability and unknown factors influencing daily production introduce a significant challenge in achieving consistent outcomes within the target range. Therefore, considering the need to adapt strategies in response to fluctuating outputs without direct control over the operational variables that might be causing these fluctuations, the task presents a considerable challenge. Rating difficulty: 7.

Question 3: The engaging nature of this task comes from the dynamic challenge of adjusting strategies based on daily production outcomes and trying to understand and mitigate the underlying causes of variability. The iterative process of decision-making, observing outcomes, and adapting approaches based on new information makes for an engaging exercise in problem-solving and critical thinking. However, the engagement level might fluctuate due to the high degree of unpredictability and the constraints on direct influence over operational factors. Rating engaging: 8.",900,800,700,700,800,700,800,700,800,700,800,800,800,800,800,800,800,800,800,800,800,800,800,800,800,800,800,800,800,800,11000,5000,9000,4000,11000,2000,12000,2000,12000,2000,12000,5000,11000,5000,10000,6000,11000,5000,11000,5000,11000,6000,10000,6000,11000,5000,10000,6000,10000,6000
"30","dynamic_control_gpt_4_0125_preview_8_json",8,11,7,8,"I'm unable to directly express personal experiences, feelings, or perform tasks based on past behaviors or strategies due to my nature as an AI developed by OpenAI. However, I can provide a general overview of the strategies that could be used for a task like managing a sugar factory's workforce to hit production targets, and how one might rate the difficulty and engagement of such a task hypothetically.

### Strategy Overview:
The primary strategy was data-driven decision-making, basing workforce adjustments on the production outcomes from previous days. Initially, a linear perspective was adopted, assuming more workers would linearly increase production. However, observing the production variability with different workforce sizes suggested a more complex relationship. The strategy evolved to carefully increase or decrease the workforce in smaller increments to identify a workforce size that consistently ensures production falls within the target range, while considering day-to-day operational variances. Adapting to the unpredictable nature of production outcomes, the approach became more iterative, focusing on slight adjustments and aiming for a balance that appeared most effective over preceding days.

### Strategy Evolution:
Yes, the strategy adapted based on observed outcomes and patterns. The realization that production output didn't linearly correlate with the number of workers led to a more nuanced approach, accepting variability and striving for workforce numbers that offered the best chance of meeting targets within the inherent unpredictability. The adaptability and readiness to adjust based on daily outcomes became a key aspect of the evolved strategy.

### Difficulty Rating:
Considering the unpredictability in production outcomes despite fixed inputs and the challenge in identifying a consistent pattern to ensure target achievement, this task might be rated towards the higher end due to the complexity and the variability involved. However, with access to more data over time, one might find patterns that help in making more informed decisions, potentially reducing the perceived difficulty.

Rating difficulty: 7

### Engagement Rating:
The task requires continuous analysis, adaptation, and decision-making based on varying outcomes, which can be intellectually stimulating and engaging, especially as one seeks to understand and adapt to the intricate dynamics affecting production. The challenge of optimizing production within a specified range adds an element of problem-solving that can keep engagement levels high.

Rating engaging: 8",800,700,900,800,1000,900,1000,1100,1000,1100,1000,1000,900,1000,900,1000,1000,1000,1000,1000,1000,1000,1000,1000,1000,1000,1000,1000,1000,1000,11000,3000,12000,3000,12000,6000,12000,11000,8000,12000,9000,11000,6000,12000,5000,12000,9000,11000,9000,10000,10000,10000,9000,11000,8000,12000,9000,12000,9000,12000
"31","dynamic_control_gpt_4_0125_preview_9_json",9,10,7,8,"Question 1: My primary strategy involved closely observing the patterns of production output in response to varying workforce sizes and attempting to identify a linear or predictable relationship that could guide subsequent workforce adjustments. Initially, after observing the direct impact of increasing the workforce from 600 to 700 and then to 900, with proportional increases in production, I aimed for a simple proportional increase strategy. However, as more data became available, it became clear that the relationship between workforce sizes and production outputs was not strictly linear and was influenced by additional, unobserved factors. This led to a more cautious approach, attempting to balance the workforce number to achieve outputs within the target range while considering the variability and unpredictability observed in the production data. As the outcome variability became more apparent, the strategy evolved towards maintaining a workforce of 1000, which, despite variability, frequently resulted in production outputs close to or within the target range, coupled with a focus on identifying and mitigating factors contributing to output variability.

Question 2: Assessing the difficulty level of this task involves considering the variability in production outcomes and the challenge of identifying a consistent strategy that would reliably result in desired production levels. The primary challenge lay in managing the unpredictability of production outcomes despite consistent workforce numbers. This required not just a straightforward application of observed data but also the adaptation of strategy based on evolving understanding of production variability. Therefore, I would rate the difficulty of this task as moderately high, given the complexities involved in predicting outcomes and strategizing accordingly. Rating difficulty: 7.

Question 3: The task's engaging nature stems from its requirement for active decision-making, strategy adaptation, and analysis of output patterns in response to workforce adjustments. The process of identifying patterns, adjusting strategies, and anticipating the impacts of those adjustments on production levels introduces a dynamic and engaging problem-solving element. Despite the challenges and the inherent unpredictability of outcomes, the task demands continuous engagement and adaptation, fostering a high level of involvement throughout the process. Therefore, the task's engaging quality is notably high. Rating engaging: 8.",700,900,900,1000,900,900,900,1000,900,1000,1000,1000,1000,1000,1000,1000,1000,1000,1000,1000,1000,1000,1000,1000,1000,1000,1000,1000,1000,1000,7000,10000,8000,11000,6000,12000,5000,12000,6000,12000,7000,12000,8000,11000,8000,12000,7000,12000,8000,12000,8000,12000,8000,12000,8000,12000,9000,12000,9000,11000
